cohort,feat,auc,p,n1,n0,half_a,half_b,med_pos,med_neg,sep
entry_winloss,overlap_10,0.386955205811138,0.0,280,118,0.34241632449919124,0.4219837244958132,0.5653476888343351,0.6044063026764828,0.11304479418886199
entry_winloss,zz40_trend,0.5567645278450363,0.041,280,118,0.5161751897474182,0.5969453945040689,1.0,0.0,0.05676452784503627
entry_winloss,pushes_30m,0.44447639225181595,0.074,280,118,0.5097673261167102,0.37421865786059677,3.0,3.0,0.055523607748184045
entry_winloss,rng_compress,0.5428117433414044,0.205,280,118,0.5793828542988677,0.5097299209812478,0.6486814287303884,0.5781059535495842,0.04281174334140436
entry_winloss,zz40_nswings,0.45876210653753025,0.17,280,118,0.4223590892123927,0.4888548177851162,334.5,350.5,0.041237893462469755
entry_winloss,zz40_hh,0.5388922518159807,0.166,280,118,0.5263157894736842,0.55183394268192,1.0,1.0,0.03889225181598066
entry_winloss,bar_closeloc,0.4623638014527845,0.222,280,118,0.4922234664675874,0.43189055313126545,0.46725201708590414,0.5526582792207793,0.037636198547215505
entry_winloss,mom_1m_r,0.4624394673123487,0.25,280,118,0.4899838248102526,0.4415615048944451,-0.24891920037465753,-0.21663372331847008,0.037560532687651305
entry_winloss,zz20_nswings,0.4628783292978208,0.24,280,118,0.42932686325743435,0.49021110980068405,763.5,786.0,0.0371216707021792
entry_winloss,zz40_hl,0.5324152542372881,0.254,280,118,0.4839492347891004,0.5800212289185045,1.0,1.0,0.03241525423728808
entry_winloss,zz20_trend,0.5315375302663439,0.286,280,118,0.46354361080004974,0.5975940559028188,1.0,0.0,0.03153753026634387
entry_winloss,zz20_hl,0.5310532687651331,0.271,280,118,0.48376259798432253,0.5768368911428234,1.0,1.0,0.031053268765133146
entry_winloss,zz40_uppurity,0.5259231234866828,0.381,280,118,0.4899216125419933,0.5610331407005543,0.75,0.75,0.025923123486682798
entry_winloss,leg_dur_min,0.4801452784503632,0.485,280,118,0.47915889013313423,0.4780044816605732,1.0,1.0,0.0198547215496368
entry_winloss,mom_15m_r,0.5186138014527845,0.547,280,118,0.49632947617270123,0.5403939143766954,0.6586868938806099,0.5800522932071182,0.018613801452784462
entry_winloss,zz20_hh,0.5179176755447942,0.573,280,118,0.4505412467338559,0.5836183512206629,1.0,1.0,0.017917675544794176
entry_winloss,pos_in_gxrange,0.5156174334140435,0.605,280,118,0.49608062709966405,0.52801037858238,1.0100415381225956,0.9992353283328728,0.015617433414043536
entry_winloss,mom_5m_r,0.5118341404358353,0.705,280,118,0.48898842851810376,0.5331996697723789,0.2254697520965419,0.15243347385927336,0.011834140435835305
entry_winloss,bar_lowwick,0.48852905569007266,0.699,280,118,0.48824188129899215,0.4849038801745489,0.20204081632653062,0.1958114929139973,0.011470944309927344
entry_winloss,zz20_vs_lastlow_t,0.48880145278450365,0.73,280,118,0.5162374020156775,0.46573888430239413,24.8191900901802,45.30159922956955,0.011198547215496346
entry_winloss,zz40_vs_lasthigh_t,0.4889225181598063,0.708,280,118,0.4577578698519348,0.516452411841019,-76.39069183533866,-69.07943095877272,0.011077481840193693
entry_winloss,mom_30m_r,0.5109261501210653,0.722,280,118,0.4925967400771432,0.5268309942210166,1.0594640283595558,0.9840999722124252,0.010926150121065348
entry_winloss,zz20_lows_above,0.5107748184019371,0.7,280,118,0.5006843349508523,0.5214647953768133,0.0,0.0,0.010774818401937059
entry_winloss,zz40_lows_above,0.5104418886198547,0.724,280,118,0.5186636804777902,0.5030663993395448,0.0,0.0,0.010441888619854733
entry_winloss,min_since_hi,0.49111682808716706,0.79,280,118,0.45427398282941395,0.5242363486260172,13.5,20.5,0.008883171912832943
entry_winloss,ret_rthopen_r,0.5083232445520581,0.8,280,118,0.4646012193604579,0.5495931123953296,2.3246200752648774,2.2715564521406,0.008323244552058129
entry_winloss,above_gxhigh,0.5071428571428571,0.83,280,118,0.4869354236655468,0.525887486731926,1.0,0.5,0.0071428571428571175
entry_winloss,gx_ret_r,0.5056446731234867,0.853,280,118,0.5193480154286425,0.4964618469159099,1.3466666666666667,1.3433333333333333,0.00564467312348671
entry_winloss,leg_eff,0.5041073384446878,0.894,198,83,0.5038638010142478,0.5066273932253313,0.5277777777777778,0.21428571428571427,0.0041073384446878025
entry_winloss,htf5_slope_t,0.5037530266343826,0.911,280,118,0.5051014059972626,0.5019459841962496,27.0,27.166666666666664,0.0037530266343825947
entry_winloss,zz40_vs_lastlow_t,0.4962772397094431,0.914,280,118,0.5123802413836008,0.48248614223375397,32.50038991397014,43.75509744993178,0.0037227602905569035
entry_winloss,zz20_uppurity,0.4978813559322034,0.943,280,118,0.4492347891004106,0.5435192829343083,0.5,0.75,0.0021186440677966045
entry_winloss,band_w,0.501543583535109,0.957,280,118,0.4649744929700137,0.5369736997287416,140.22410533840593,146.30667559401627,0.0015435835351089722
entry_winloss,zz20_vs_lasthigh_t,0.5003329297820823,0.991,280,118,0.49595620256314543,0.4999410307819318,-69.31444713935343,-72.84639198082732,0.00033292978208232515
entry_winloss,leg_depth_t,0.4996670702179177,0.995,280,118,0.5040437974368546,0.5000589692180681,69.31444713935343,72.84639198082732,0.00033292978208232515
entry_stop,overlap_10,0.6078197603325997,0.001,116,282,0.6489510489510489,0.5780162755041868,0.6034535027816936,0.5656776525707414,0.10781976033259966
entry_stop,zz40_trend,0.44667094644167277,0.071,116,282,0.49046408137317227,0.40305460549593114,0.0,1.0,0.05332905355832723
entry_stop,pushes_30m,0.5471998043531425,0.126,116,282,0.47240940877304516,0.6257813421394033,3.0,3.0,0.04719980435314253
entry_stop,rng_compress,0.45813462949376377,0.202,116,282,0.42294977749523205,0.4902700790187522,0.5781059535495842,0.6486814287303884,0.04186537050623623
entry_stop,zz40_hh,0.462827097089753,0.147,116,282,0.47692307692307695,0.44816605731807996,1.0,1.0,0.037172902910247
entry_stop,zz40_nswings,0.5369436292492051,0.237,116,282,0.5700572155117609,0.5111451822148838,350.5,337.0,0.036943629249205134
entry_stop,bar_closeloc,0.5368519197847884,0.243,116,282,0.5060394151303242,0.5681094468687345,0.5526582792207793,0.46725201708590414,0.03685191978478841
entry_stop,mom_1m_r,0.5356444118366349,0.267,116,282,0.5056579783852511,0.5584384951055549,-0.21663372331847008,-0.24891920037465753,0.035644411836634915
entry_stop,zz20_nswings,0.534024211298606,0.277,116,282,0.5648442466624285,0.509788890199316,786.0,763.5,0.034024211298606
entry_stop,zz40_hl,0.4691550501345072,0.255,116,282,0.5195804195804196,0.41997877108149545,1.0,1.0,0.0308449498654928
entry_stop,zz20_hl,0.46988872584984104,0.291,116,282,0.5188811188811189,0.42316310885717656,1.0,1.0,0.030111274150158962
entry_stop,zz20_trend,0.47436720469552457,0.386,116,282,0.5492689129052766,0.4024059440971813,0.0,1.0,0.02563279530447543
entry_stop,mom_15m_r,0.4778063096111519,0.474,116,282,0.494723458359822,0.4596060856233046,0.5550579528640568,0.6671310789512063,0.02219369038884811
entry_stop,mom_30m_r,0.4825446319393495,0.591,116,282,0.49281627463445643,0.47316900577898335,0.9109943816441712,1.0635363611058468,0.01745536806065051
entry_stop,zz40_uppurity,0.48274333577891904,0.543,116,282,0.5288620470438652,0.4389668592994457,0.75,0.75,0.017256664221080964
entry_stop,pos_in_gxrange,0.48425654194179507,0.602,116,282,0.5048951048951049,0.47198962141762,0.9992353283328728,1.0100415381225956,0.01574345805820493
entry_stop,leg_dur_min,0.5146887992174126,0.61,116,282,0.5122059758423395,0.5219955183394268,1.0,1.0,0.014688799217412618
entry_stop,ret_rthopen_r,0.48734409391049155,0.697,116,282,0.5257469802924348,0.45040688760467035,2.2715564521406,2.3246200752648774,0.01265590608950845
entry_stop,bar_lowwick,0.5123196380533138,0.684,116,282,0.5135410044500953,0.5150961198254511,0.1958114929139973,0.20204081632653062,0.01231963805331382
entry_stop,zz40_lows_above,0.4880166299828809,0.699,116,282,0.4781309599491418,0.4969336006604552,0.0,0.0,0.011983370017119077
entry_stop,zz20_uppurity,0.5117693812668134,0.719,116,282,0.5719643992371265,0.4564807170656917,0.75,0.5,0.011769381266813372
entry_stop,zz20_lows_above,0.48849046221570064,0.694,116,282,0.49866497139224414,0.4785352046231867,0.0,0.0,0.011509537784299362
entry_stop,zz20_vs_lastlow_t,0.5107300073367571,0.737,116,282,0.4827717736808646,0.5342611156976058,45.30159922956955,24.8191900901802,0.010730007336757108
entry_stop,zz20_hh,0.4899425287356322,0.71,116,282,0.5664335664335665,0.4163816487793372,1.0,1.0,0.01005747126436779
entry_stop,zz40_vs_lasthigh_t,0.5097212032281732,0.772,116,282,0.5407501589319771,0.483547588158981,-69.07943095877272,-76.39069183533866,0.009721203228173159
entry_stop,mom_5m_r,0.490553925165077,0.759,116,282,0.5162110616656072,0.4668003302276212,0.15243347385927336,0.2254697520965419,0.00944607483492299
entry_stop,min_since_hi,0.508697114208853,0.782,116,282,0.5463445645263827,0.4757636513739828,20.5,13.5,0.008697114208852996
entry_stop,htf5_slope_t,0.49235754463193937,0.808,116,282,0.48614113159567707,0.4980540158037504,27.166666666666664,27.0,0.00764245536806063
entry_stop,leg_eff,0.49287037037037035,0.854,81,200,0.4895444361463779,0.49337260677466865,0.21428571428571427,0.5277777777777778,0.007129629629629652
entry_stop,above_gxhigh,0.4929078014184397,0.843,116,282,0.513986013986014,0.4741125132680741,0.5,1.0,0.007092198581560294
entry_stop,band_w,0.4964844705306921,0.917,116,282,0.5289256198347108,0.4630263002712584,146.30667559401627,140.22410533840593,0.0035155294693078876
entry_stop,zz20_vs_lasthigh_t,0.49682073856688674,0.928,116,282,0.49980928162746346,0.5000589692180681,-72.84639198082732,-69.31444713935343,0.0031792614331132563
entry_stop,leg_depth_t,0.5031792614331132,0.95,116,282,0.5001907183725366,0.4999410307819318,72.84639198082732,69.31444713935343,0.0031792614331132008
entry_stop,zz40_vs_lastlow_t,0.5015590608950844,0.967,116,282,0.4827717736808646,0.517513857766246,43.75509744993178,32.50038991397014,0.0015590608950843965
entry_stop,gx_ret_r,0.5010393739300563,0.971,116,282,0.49504132231404957,0.5035381530840901,1.4133333333333333,1.33,0.0010393739300562643
t25,t25_uw_overlap,0.29264214046822745,0.016,23,26,0.3942307692307692,0.23076923076923078,0.6235294117647059,0.6772754271026507,0.20735785953177255
t25,overlap_10,0.6044624746450304,0.005,116,136,0.5522959183673469,0.653125,0.6034535027816936,0.5653476888343351,0.10446247464503045
t25,zz20_uppurity,0.5570486815415822,0.101,116,136,0.5774872448979592,0.5460416666666666,0.75,0.5,0.05704868154158216
t25,zz40_trend,0.4458988336713996,0.094,116,136,0.4856505102040816,0.41333333333333333,0.0,1.0,0.0541011663286004
t25,t25_uw_eff,0.4515888778550149,0.335,53,76,0.5542929292929293,0.37209302325581395,0.7548705623889691,0.8962456942961599,0.04841112214498511
t25,rng_compress,0.45509001014198786,0.226,116,136,0.4719387755102041,0.43552083333333336,0.5781059535495842,0.6497310693946425,0.044909989858012145
t25,zz40_hl,0.460446247464503,0.219,116,136,0.4732142857142857,0.45,1.0,1.0,0.03955375253549698
t25,zz20_nswings,0.5394586713995944,0.285,116,136,0.553093112244898,0.5379166666666667,786.0,770.0,0.03945867139959436
t25,t25_zz20_nswings,0.5379690669371197,0.288,116,136,0.5505420918367347,0.5366666666666666,786.0,772.5,0.037969066937119655
t25,t25_mom_1m_r,0.5366062373225152,0.286,116,136,0.49776785714285715,0.5754166666666667,-0.3933333333333333,-0.44666666666666666,0.03660623732251522
t25,zz40_nswings,0.5363209939148073,0.302,116,136,0.5425701530612245,0.5357291666666667,350.5,346.5,0.036320993914807254
t25,t25_zz20_vs_lastlow_t,0.5361625253549696,0.335,116,136,0.5170599489795918,0.54875,-5.5,-15.0,0.036162525354969555
t25,pushes_30m,0.5356237322515213,0.324,116,136,0.5125956632653061,0.5520833333333334,3.0,3.0,0.03562373225152127
t25,t25_maxretr_r,0.4672287018255578,0.384,116,136,0.43160076530612246,0.49354166666666666,0.20333333333333334,0.24666666666666667,0.03277129817444219
t25,bar_closeloc,0.5290314401622718,0.451,116,136,0.5830676020408163,0.4842708333333333,0.5526582792207793,0.47883597883597884,0.02903144016227177
t25,zz40_hh,0.4721095334685598,0.451,116,136,0.5089285714285714,0.44166666666666665,1.0,1.0,0.027890466531440172
t25,leg_dur_min,0.5261790060851927,0.427,116,136,0.4845344387755102,0.5633333333333334,1.0,1.0,0.026179006085192746
t25,zz20_hl,0.47502535496957404,0.448,116,136,0.4642857142857143,0.4875,1.0,1.0,0.024974645030425957
t25,mom_1m_r,0.5247210953346856,0.488,116,136,0.5331632653061225,0.5260416666666666,-0.21663372331847008,-0.23570903029166707,0.024721095334685583
t25,t25_zz20_lows_above,0.4754056795131846,0.512,116,136,0.44435586734693877,0.4990625,1.0,1.0,0.024594320486815424
t25,gx_ret_r,0.5227560851926978,0.51,116,136,0.4647640306122449,0.5475,1.4133333333333333,1.06,0.022756085192697784
t25,t25_zz20_uppurity,0.5225659229208925,0.523,116,136,0.5632971938775511,0.4944791666666667,0.5,0.5,0.022565922920892545
t25,leg_depth_t,0.5216784989858012,0.539,116,136,0.48246173469387754,0.5502083333333333,72.84639198082732,67.02988324013131,0.02167849898580121
t25,zz20_vs_lasthigh_t,0.4783215010141988,0.556,116,136,0.5175382653061225,0.44979166666666665,-72.84639198082732,-67.02988324013131,0.02167849898580121
t25,htf5_slope_t,0.5203473630831643,0.567,116,136,0.5127551020408163,0.5319791666666667,27.166666666666664,20.75,0.020347363083164316
t25,min_since_hi,0.4799378803245436,0.563,116,136,0.5232780612244898,0.45739583333333333,20.5,19.0,0.020062119675456402
t25,zz20_lows_above,0.4800329614604463,0.537,116,136,0.43893494897959184,0.510625,0.0,0.0,0.019967038539553728
t25,zz20_trend,0.48060344827586204,0.572,116,136,0.47831632653061223,0.4859375,0.0,1.0,0.019396551724137956
t25,zz40_lows_above,0.4822198275862069,0.599,116,136,0.4510522959183674,0.5082291666666666,0.0,0.0,0.017780172413793094
t25,ret_rthopen_r,0.48294878296146043,0.675,116,136,0.5242346938775511,0.44958333333333333,2.2715564521406,2.2403028069200808,0.017051217038539568
t25,leg_eff,0.5149624261943102,0.685,81,92,0.5255661066471877,0.5041322314049587,0.21428571428571427,-0.05322128851540616,0.014962426194310208
t25,t25_zz20_hh,0.5149594320486816,0.705,116,136,0.5625,0.475,1.0,1.0,0.014959432048681554
t25,t25_zz20_vs_lasthigh_t,0.4859279918864097,0.7,116,136,0.4846938775510204,0.49104166666666665,-103.5,-104.5,0.014072008113590273
t25,t25_uw_pushes,0.5139452332657201,0.452,116,136,0.4725765306122449,0.5480208333333333,0.0,0.0,0.013945233265720058
t25,mom_15m_r,0.48649847870182555,0.723,116,136,0.5073341836734694,0.47854166666666664,0.5550579528640568,0.5679850923235548,0.013501521298174446
t25,t25_zz20_hl,0.48782961460446245,0.701,116,136,0.4732142857142857,0.5041666666666667,1.0,1.0,0.012170385395537553
t25,t25_htf5_slope_t,0.511441430020284,0.751,116,136,0.5071747448979592,0.5171875,25.166666666666664,19.0,0.011441430020283971
t25,above_gxhigh,0.5110294117647058,0.791,116,136,0.4732142857142857,0.5395833333333333,0.5,0.0,0.011029411764705843
t25,t25_lowcad_s,0.4893192190669371,0.718,116,136,0.44355867346938777,0.5275,0.0,0.0,0.010680780933062906
t25,band_w,0.48992139959432046,0.794,116,136,0.5038265306122449,0.4816666666666667,146.30667559401627,139.89859683496616,0.010078600405679539
t25,mom_30m_r,0.5091277890466531,0.829,116,136,0.5060586734693877,0.510625,0.9109943816441712,0.9037874711596426,0.009127789046653123
t25,t25_mom_5m_r,0.49134761663286003,0.797,116,136,0.5095663265306123,0.48270833333333335,-0.19666666666666666,-0.06333333333333334,0.00865238336713997
t25,bar_lowwick,0.49217165314401623,0.84,116,136,0.43478954081632654,0.53625,0.1958114929139973,0.23702514713750666,0.00782834685598377
t25,pos_in_gxrange,0.5076698782961461,0.826,116,136,0.5041454081632653,0.5025,0.9992353283328728,0.9855830639992915,0.007669878296146071
t25,zz40_uppurity,0.5047857505070994,0.892,116,136,0.5082908163265306,0.5044791666666667,0.75,0.5,0.0047857505070993955
t25,t25_lows_broken_uw,0.4957530425963489,0.892,116,136,0.49808673469387754,0.48625,0.0,0.0,0.004246957403651108
t25,zz20_hh,0.49606997971602435,1.0,116,136,0.5089285714285714,0.48541666666666666,1.0,1.0,0.003930020283975655
t25,mom_5m_r,0.4961333671399594,0.914,116,136,0.5092474489795918,0.4870833333333333,0.15243347385927336,0.2251857730325719,0.0038666328600405753
t25,zz40_vs_lasthigh_t,0.4966404665314402,0.938,116,136,0.5494260204081632,0.44895833333333335,-69.07943095877272,-74.56504175684677,0.0033595334685598277
t25,t25_zz20_trend,0.5008874239350912,0.99,116,136,0.5223214285714286,0.486875,0.0,0.0,0.000887423935091225
t25,zz40_vs_lastlow_t,0.5007606490872211,0.982,116,136,0.5350765306122449,0.47208333333333335,43.75509744993178,34.11432617447281,0.0007606490872210658
t25,t25_below_prelow_t,0.5004437119675457,0.995,116,136,0.46699617346938777,0.5309375,-7.5,10.0,0.000443711967545668
t25,zz20_vs_lastlow_t,0.4997464503042596,0.997,116,136,0.5334821428571429,0.46958333333333335,45.30159922956955,27.958607337553985,0.0002535496957403738
t40,overlap_10,0.6187739463601533,0.002,116,90,0.6396551724137931,0.6021551724137931,0.6034535027816936,0.5648671779705985,0.11877394636015326
t40,zz40_trend,0.4232758620689655,0.042,116,90,0.46241379310344827,0.38125,0.0,1.0,0.0767241379310345
t40,pushes_30m,0.5616379310344828,0.125,116,90,0.5905172413793104,0.5282327586206896,3.0,3.0,0.061637931034482785
t40,zz40_hl,0.439367816091954,0.08,116,90,0.4903448275862069,0.3767241379310345,1.0,1.0,0.06063218390804598
t40,t40_uw_overlap,0.4440820130475303,0.423,37,29,0.5601503759398496,0.28695652173913044,0.6235294117647059,0.6613924050632911,0.05591798695246969
t40,mom_1m_r,0.550191570881226,0.211,116,90,0.5713793103448276,0.5237068965517241,-0.21663372331847008,-0.2693257166109591,0.050191570881226055
t40,zz40_hh,0.4603448275862069,0.242,116,90,0.4803448275862069,0.4353448275862069,1.0,1.0,0.03965517241379313
t40,ret_rthopen_r,0.46044061302681993,0.339,116,90,0.4789655172413793,0.4362068965517241,2.2715564521406,2.3542840267296805,0.039559386973180066
t40,zz40_lows_above,0.4638409961685824,0.345,116,90,0.41620689655172416,0.5241379310344828,0.0,1.0,0.036159003831417624
t40,zz20_uppurity,0.5356800766283525,0.383,116,90,0.5672413793103448,0.4954741379310345,0.75,0.5,0.035680076628352486
t40,zz20_nswings,0.5350095785440613,0.371,116,90,0.553448275862069,0.5206896551724138,786.0,770.0,0.03500957854406128
t40,leg_dur_min,0.5349616858237548,0.33,116,90,0.48982758620689654,0.5857758620689655,1.0,1.0,0.03496168582375481
t40,rng_compress,0.46532567049808427,0.394,116,90,0.4593103448275862,0.47672413793103446,0.5781059535495842,0.618373568939771,0.034674329501915735
t40,bar_closeloc,0.5345306513409962,0.396,116,90,0.5877586206896551,0.4696120689655172,0.5526582792207793,0.46276405298961687,0.0345306513409962
t40,t40_zz20_nswings,0.5333812260536398,0.402,116,90,0.5510344827586207,0.5211206896551724,786.0,772.5,0.0333812260536398
t40,zz40_nswings,0.5332854406130269,0.388,116,90,0.5558620689655173,0.5206896551724138,350.5,359.0,0.03328544061302685
t40,zz20_lows_above,0.46795977011494255,0.401,116,90,0.4186206896551724,0.5254310344827586,0.0,1.0,0.03204022988505745
t40,band_w,0.46906130268199236,0.423,116,90,0.4748275862068966,0.4495689655172414,146.30667559401627,144.97316758153465,0.030938697318007635
t40,t40_zz20_vs_lastlow_t,0.5288793103448276,0.468,116,90,0.5044827586206897,0.5603448275862069,-16.0,-17.0,0.028879310344827602
t40,t40_zz20_lows_above,0.47164750957854407,0.475,116,90,0.44810344827586207,0.5002155172413794,2.0,2.0,0.028352490421455934
t40,t40_zz20_uppurity,0.5273467432950192,0.509,116,90,0.5793103448275863,0.46293103448275863,0.5,0.5,0.027346743295019182
t40,gx_ret_r,0.5241379310344828,0.556,116,90,0.4663793103448276,0.5887931034482758,1.4133333333333333,1.06,0.024137931034482807
t40,t40_lowcad_s,0.4759099616858238,0.492,116,90,0.43603448275862067,0.5144396551724137,0.0,0.0,0.02409003831417622
t40,zz20_trend,0.47638888888888886,0.506,116,90,0.5431034482758621,0.40323275862068964,0.0,1.0,0.023611111111111138
t40,zz40_vs_lastlow_t,0.5227011494252873,0.582,116,90,0.5537931034482758,0.4892241379310345,43.75509744993178,12.974167391643277,0.022701149425287337
t40,zz20_vs_lastlow_t,0.5217432950191571,0.574,116,90,0.5755172413793104,0.45948275862068966,45.30159922956955,12.974167391643277,0.02174329501915706
t40,t40_below_prelow_t,0.47844827586206895,0.591,116,90,0.425,0.5405172413793103,15.0,47.5,0.02155172413793105
t40,pos_in_gxrange,0.47902298850574715,0.612,116,90,0.4689655172413793,0.4974137931034483,0.9992353283328728,1.003103121049944,0.02097701149425285
t40,zz20_hl,0.48017241379310344,0.56,116,90,0.5358620689655172,0.40948275862068967,1.0,1.0,0.019827586206896564
t40,mom_15m_r,0.48093869731800765,0.65,116,90,0.48551724137931035,0.4625,0.5550579528640568,0.6246031624624447,0.019061302681992354
t40,t40_zz20_hl,0.5184865900383142,0.663,116,90,0.5672413793103448,0.4586206896551724,1.0,0.0,0.01848659003831421
t40,mom_5m_r,0.5176245210727969,0.654,116,90,0.5562068965517242,0.47586206896551725,0.15243347385927336,0.1798442641895478,0.017624521072796884
t40,zz40_vs_lasthigh_t,0.5161877394636015,0.702,116,90,0.5768965517241379,0.440948275862069,-69.07943095877272,-76.9519534264764,0.016187739463601525
t40,bar_lowwick,0.4843390804597701,0.681,116,90,0.491551724137931,0.4853448275862069,0.1958114929139973,0.23876592890677395,0.01566091954022991
t40,zz20_hh,0.4843869731800766,0.649,116,90,0.5448275862068965,0.41422413793103446,1.0,1.0,0.015613026819923381
t40,min_since_hi,0.5154214559386974,0.714,116,90,0.57,0.4581896551724138,20.5,10.0,0.01542145593869737
t40,zz40_uppurity,0.4849137931034483,0.708,116,90,0.4970689655172414,0.472198275862069,0.75,0.75,0.015086206896551713
t40,t40_lows_broken_uw,0.5149425287356322,0.696,116,90,0.5486206896551724,0.47564655172413794,1.0,1.0,0.014942528735632177
t40,t40_uw_pushes,0.5148467432950191,0.536,116,90,0.5012068965517241,0.5245689655172414,0.0,0.0,0.014846743295019116
t40,t40_maxretr_r,0.5112068965517241,0.783,116,90,0.45362068965517244,0.5683189655172414,0.30666666666666664,0.29666666666666663,0.011206896551724133
t40,t40_zz20_trend,0.5091954022988506,0.801,116,90,0.5596551724137931,0.4381465517241379,0.0,0.0,0.00919540229885063
t40,t40_mom_1m_r,0.507183908045977,0.858,116,90,0.49586206896551727,0.5114224137931035,-0.4766666666666667,-0.5133333333333334,0.007183908045977017
t40,leg_eff,0.5055450931157146,0.915,81,59,0.5711279461279462,0.4371794871794872,0.21428571428571427,0.5,0.0055450931157146055
t40,t40_zz20_vs_lasthigh_t,0.4954501915708812,0.915,116,90,0.5132758620689655,0.4698275862068966,-126.5,-126.5,0.004549808429118785
t40,mom_30m_r,0.49636015325670496,0.943,116,90,0.48137931034482756,0.5038793103448276,0.9109943816441712,0.9730571322929851,0.0036398467432950388
t40,t40_zz20_hh,0.4974137931034483,1.0,116,90,0.5317241379310345,0.4556034482758621,1.0,1.0,0.0025862068965517016
t40,htf5_slope_t,0.49789272030651344,0.959,116,90,0.41586206896551725,0.5823275862068965,27.166666666666664,25.166666666666664,0.0021072796934865634
t40,t40_uw_eff,0.49825641025641026,0.974,75,65,0.5899613899613899,0.40964912280701754,0.7972894698554898,0.7921898805057266,0.0017435897435897352
t40,zz20_vs_lasthigh_t,0.4991379310344828,0.981,116,90,0.5272413793103449,0.4650862068965517,-72.84639198082732,-71.01835215055326,0.0008620689655172153
t40,leg_depth_t,0.5008620689655172,0.984,116,90,0.4727586206896552,0.5349137931034482,72.84639198082732,71.01835215055326,0.0008620689655172153
t40,t40_htf5_slope_t,0.5007662835249043,0.985,116,90,0.4482758620689655,0.5525862068965517,23.083333333333336,21.25,0.0007662835249042654
t40,t40_mom_5m_r,0.4992816091954023,0.99,116,90,0.5363793103448276,0.4515086206896552,-0.28,-0.25333333333333335,0.0007183908045976795
t40,above_gxhigh,0.5,1.0,116,90,0.49,0.5125,0.5,0.5,0.0
